	mean0	std0	mean1	std1	mean2	std2	mean3	std3	mean4	std4
ACC_RandomForestClassifier(max_depth=2)	0.6559122359122359	0.12166506746465672	0.6727000019219699	0.11194373693659414	0.7198640745880565	0.07287976451948858	0.7299615180076366	0.07343306474792424	0.7018015892153823	0.12985100665052993
BLCA_RandomForestClassifier(max_depth=2)	0.6318132263069124	0.021997155190493032	0.6188365947839456	0.027890979899578592	0.6350124304428453	0.11127769463296949	0.6550123734388484	0.06986005717717893	0.5646253935185057	0.10007356200402104
BRCA_RandomForestClassifier(max_depth=2)	0.7627579491386932	0.017063218716204028	0.7691939300078028	0.014825390665508137	0.7359622970444317	0.022024547258051006	0.747321439676096	0.02570968265591859	0.7533007110078276	0.033903805751277605
